event,alert_id,time_utc,side,price,range_high,range_low,atr,outcome
FIRED,2026-02-20-UP,2026-02-20T13:43:00Z,BUY,5040.0,5041.8,5029.88,8.878571428571572,
RESOLVED,2026-02-20-UP,2026-02-20T13:45:00Z,BUY,5041.9,5041.8,5029.88,8.878571428571572,BREAKOUT_FOLLOWED
FIRED,2026-02-23-UP,2026-02-23T13:43:00Z,BUY,5164.0,5166.4,5160.5,8.171428571428546,
FIRED,2026-02-23-DN,2026-02-23T13:56:00Z,SELL,5163.1,5166.4,5160.5,8.171428571428546,
RESOLVED,2026-02-23-DN,2026-02-23T13:58:00Z,SELL,5158.6,5166.4,5160.5,8.171428571428546,BREAKOUT_FOLLOWED
FIRED,2026-03-04-UP,2026-03-04T13:43:00Z,BUY,5196.0,5200.7,5192.8,13.700000000000014,
FIRED,2026-03-16-DN,2026-03-16T12:42:00Z,SELL,5012.0,5016.1,5010.5,11.886428571428562,
FIRED,2026-03-16-UP,2026-03-16T12:44:00Z,BUY,5012.5,5016.1,5010.5,11.886428571428562,
RESOLVED,2026-03-16-DN,2026-03-16T12:47:00Z,SELL,5010.0,5016.1,5010.5,11.886428571428562,BREAKOUT_FOLLOWED
FIRED,2026-03-24-DN,2026-03-24T13:07:00Z,SELL,4386.18,4412.26,4372.2,21.44714285714294,
RESOLVED,2026-03-24-DN,2026-03-24T13:29:00Z,SELL,4365.2,4412.26,4372.2,21.44714285714294,BREAKOUT_FOLLOWED
FIRED,2026-03-26-DN,2026-03-26T12:48:00Z,SELL,4437.2,4447.3,4435.8,16.565714285714357,
RESOLVED,2026-03-26-DN,2026-03-26T12:56:00Z,SELL,4433.4,4447.3,4435.8,16.565714285714357,BREAKOUT_FOLLOWED
FIRED,2026-03-31-DN,2026-03-31T12:44:00Z,SELL,4576.7,4586.8,4575.7,15.1785714285713,
RESOLVED,2026-03-31-DN,2026-03-31T12:46:00Z,SELL,4574.7,4586.8,4575.7,15.1785714285713,BREAKOUT_FOLLOWED
FIRED,2026-04-08-UP,2026-04-08T12:43:00Z,BUY,4776.3,4777.3,4763.7,12.193571428571172,
RESOLVED,2026-04-08-UP,2026-04-08T12:46:00Z,BUY,4779.5,4777.3,4763.7,12.193571428571172,BREAKOUT_FOLLOWED
FIRED,2026-04-13-UP,2026-04-13T12:44:00Z,BUY,4696.4,4697.1,4690.1,8.921428571428546,
RESOLVED,2026-04-13-UP,2026-04-13T12:45:00Z,BUY,4700.5,4697.1,4690.1,8.921428571428546,BREAKOUT_FOLLOWED
FIRED,2026-04-14-UP,2026-04-14T12:42:00Z,BUY,4756.2,4757.9,4750.7,8.957142857142896,
FIRED,2026-04-14-DN,2026-04-14T12:44:00Z,SELL,4751.0,4757.9,4750.7,8.957142857142896,
RESOLVED,2026-04-14-DN,2026-04-14T12:46:00Z,SELL,4750.4,4757.9,4750.7,8.957142857142896,BREAKOUT_FOLLOWED
FIRED,2026-04-16-DN,2026-04-16T12:49:00Z,SELL,4801.0,4806.71,4798.7,6.049285714285686,
FIRED,2026-04-20-UP,2026-04-20T13:07:00Z,BUY,4789.0,4791.2,4781.5,6.457142857142701,
RESOLVED,2026-04-20-UP,2026-04-20T13:08:00Z,BUY,4793.5,4791.2,4781.5,6.457142857142701,BREAKOUT_FOLLOWED
FIRED,2026-04-23-UP,2026-04-23T12:42:00Z,BUY,4724.1,4725.0,4718.0,8.979285714285522,
FIRED,2026-04-23-DN,2026-04-23T12:46:00Z,SELL,4719.7,4725.0,4718.0,8.979285714285522,
RESOLVED,2026-04-23-UP,2026-04-23T12:58:00Z,BUY,4726.1,4725.0,4718.0,8.979285714285522,BREAKOUT_FOLLOWED
FIRED,2026-04-29-UP,2026-04-29T12:44:00Z,BUY,4550.4,4552.5,4544.75,7.990714285714473,
FIRED,2026-04-29-DN,2026-04-29T12:50:00Z,SELL,4546.5,4552.5,4544.75,7.990714285714473,
RESOLVED,2026-04-29-DN,2026-04-29T12:51:00Z,SELL,4543.0,4552.5,4544.75,7.990714285714473,BREAKOUT_FOLLOWED
FIRED,2026-04-30-DN,2026-04-30T12:45:00Z,SELL,4619.8,4627.6,4617.66,9.04642857142861,
FIRED,2026-05-06-DN,2026-05-06T12:43:00Z,SELL,4667.8,4673.3,4666.0,13.561428571428483,
FIRED,2026-05-06-UP,2026-05-06T12:46:00Z,BUY,4670.1,4673.3,4666.0,13.561428571428483,
RESOLVED,2026-05-06-DN,2026-05-06T12:54:00Z,SELL,4664.8,4673.3,4666.0,13.561428571428483,BREAKOUT_FOLLOWED
FIRED,2026-05-11-DN,2026-05-11T12:49:00Z,SELL,4683.4,4691.9,4682.9,6.7607142857142595,
FIRED,2026-05-13-UP,2026-05-13T12:58:00Z,BUY,4677.4,4679.1,4670.2,7.112857142857008,
RESOLVED,2026-05-13-UP,2026-05-13T13:00:00Z,BUY,4681.5,4679.1,4670.2,7.112857142857008,BREAKOUT_FOLLOWED
FIRED,2026-05-17-UP,2026-05-17T12:48:00Z,BUY,4536.2,4536.4,4535.85,1.3285714285714545,
FIRED,2026-05-17-DN,2026-05-17T12:54:00Z,SELL,4536.0,4536.4,4535.85,1.3285714285714545,
RESOLVED,2026-05-17-DN,2026-05-17T13:03:00Z,SELL,4535.6,4536.4,4535.85,1.3285714285714545,BREAKOUT_FOLLOWED
FIRED,2026-05-20-DN,2026-05-20T12:54:00Z,SELL,4503.8,4508.8,4503.7,7.235714285714233,
RESOLVED,2026-05-20-DN,2026-05-20T12:55:00Z,SELL,4502.7,4508.8,4503.7,7.235714285714233,BREAKOUT_FOLLOWED
FIRED,2026-05-21-UP,2026-05-21T12:46:00Z,BUY,4514.8,4517.0,4505.6,8.518571428571509,
FIRED,2026-05-22-UP,2026-05-22T12:52:00Z,BUY,4520.9,4522.9,4515.0,7.007142857142753,
RESOLVED,2026-05-22-UP,2026-05-22T12:59:00Z,BUY,4528.0,4522.9,4515.0,7.007142857142753,BREAKOUT_FOLLOWED
FIRED,2026-05-24-DN,2026-05-24T12:45:00Z,SELL,4533.4,4534.7,4533.1,1.8192857142856675,
FIRED,2026-05-25-DN,2026-05-25T13:02:00Z,SELL,4557.3,4565.1,4556.2,4.942142857142959,
FIRED,2026-05-25-UP,2026-05-25T13:07:00Z,BUY,4564.6,4565.1,4556.2,4.942142857142959,
RESOLVED,2026-05-25-UP,2026-05-25T14:59:00Z,BUY,4561.4,4565.1,4556.2,4.942142857142959,NOT_FOLLOWED
RESOLVED,2026-05-25-DN,2026-05-25T14:59:00Z,SELL,4561.4,4565.1,4556.2,4.942142857142959,NOT_FOLLOWED
FIRED,2026-05-27-DN,2026-05-27T12:42:00Z,SELL,4454.5,4467.4,4453.1,9.844285714285759,
RESOLVED,2026-05-27-DN,2026-05-27T12:47:00Z,SELL,4452.7,4467.4,4453.1,9.844285714285759,BREAKOUT_FOLLOWED
FIRED,2026-06-03-UP,2026-06-03T12:42:00Z,BUY,4447.5,4449.5,4441.4,10.237142857142642,
RESOLVED,2026-06-03-UP,2026-06-03T12:43:00Z,BUY,4449.8,4449.5,4441.4,10.237142857142642,BREAKOUT_FOLLOWED
FIRED,2026-06-04-DN,2026-06-04T12:43:00Z,SELL,4494.7,4497.1,4492.3,9.66785714285704,
FIRED,2026-06-06-UP,2026-06-06T12:45:00Z,BUY,4293.3,4293.5,4290.6,3.6071428571425974,
RESOLVED,2026-06-06-UP,2026-06-06T12:46:00Z,BUY,4293.6,4293.5,4290.6,3.6071428571425974,BREAKOUT_FOLLOWED
FIRED,2026-06-07-DN,2026-06-07T12:43:00Z,SELL,4302.6,4303.2,4301.4,3.642857142857143,
FIRED,2026-06-07-UP,2026-06-07T12:45:00Z,BUY,4302.7,4303.2,4301.4,3.642857142857143,
RESOLVED,2026-06-07-UP,2026-06-07T12:49:00Z,BUY,4303.3,4303.2,4301.4,3.642857142857143,BREAKOUT_FOLLOWED
FIRED,2026-06-12-UP,2026-06-12T12:43:00Z,BUY,4192.5,4193.6,4184.9,9.478571428571351,
FIRED,2026-06-12-DN,2026-06-12T12:54:00Z,SELL,4186.5,4193.6,4184.9,9.478571428571351,
RESOLVED,2026-06-12-DN,2026-06-12T12:55:00Z,SELL,4183.2,4193.6,4184.9,9.478571428571351,BREAKOUT_FOLLOWED
FIRED,2026-06-13-UP,2026-06-13T13:00:00Z,BUY,4212.4,4213.9,4212.5,0.9999999999998052,
FIRED,2026-06-15-UP,2026-06-15T12:43:00Z,BUY,4333.5,4335.4,4323.8,6.184999999999945,
RESOLVED,2026-06-15-UP,2026-06-15T12:50:00Z,BUY,4337.5,4335.4,4323.8,6.184999999999945,BREAKOUT_FOLLOWED
FIRED,2026-06-18-DN,2026-06-18T12:45:00Z,SELL,4236.3,4248.5,4232.4,9.457142857142767,
FIRED,2026-06-19-UP,2026-06-19T12:43:00Z,BUY,4145.0,4145.6,4139.7,6.621428571428494,
FIRED,2026-06-19-DN,2026-06-19T12:47:00Z,SELL,4141.0,4145.6,4139.7,6.621428571428494,
RESOLVED,2026-06-19-UP,2026-06-19T12:50:00Z,BUY,4150.8,4145.6,4139.7,6.621428571428494,BREAKOUT_FOLLOWED
FIRED,2026-06-23-DN,2026-06-23T12:45:00Z,SELL,4106.5,4113.5,4106.0,8.571428571428473,
RESOLVED,2026-06-23-DN,2026-06-23T12:46:00Z,SELL,4105.4,4113.5,4106.0,8.571428571428473,BREAKOUT_FOLLOWED
FIRED,2026-06-24-DN,2026-06-24T12:47:00Z,SELL,4009.9,4021.2,4007.6,9.907142857142844,
RESOLVED,2026-06-24-DN,2026-06-24T12:49:00Z,SELL,4004.5,4021.2,4007.6,9.907142857142844,BREAKOUT_FOLLOWED
FIRED,2026-06-29-UP,2026-06-29T12:45:00Z,BUY,4040.7,4042.5,4033.1,9.235714285714332,
RESOLVED,2026-06-29-UP,2026-06-29T13:00:00Z,BUY,4043.4,4042.5,4033.1,9.235714285714332,BREAKOUT_FOLLOWED
FIRED,2026-06-30-DN,2026-06-30T12:48:00Z,SELL,4009.0,4016.6,4007.1,6.2042857142857235,
RESOLVED,2026-06-30-DN,2026-06-30T12:56:00Z,SELL,4006.4,4016.6,4007.1,6.2042857142857235,BREAKOUT_FOLLOWED
FIRED,2026-07-01-UP,2026-07-01T12:42:00Z,BUY,4020.1,4026.9,4018.5,8.399999999999993,
FIRED,2026-07-01-DN,2026-07-01T12:48:00Z,SELL,4020.8,4026.9,4018.5,8.399999999999993,
RESOLVED,2026-07-01-DN,2026-07-01T13:00:00Z,SELL,4014.3,4026.9,4018.5,8.399999999999993,BREAKOUT_FOLLOWED
FIRED,2026-07-03-UP,2026-07-03T12:49:00Z,BUY,4167.7,4169.3,4164.1,5.757142857142883,
FIRED,2026-07-07-DN,2026-07-07T12:42:00Z,SELL,4154.5,4159.4,4153.1,8.61142857142847,
FIRED,2026-07-07-UP,2026-07-07T12:44:00Z,BUY,4157.92,4159.4,4153.1,8.61142857142847,
RESOLVED,2026-07-07-UP,2026-07-07T12:46:00Z,BUY,4159.7,4159.4,4153.1,8.61142857142847,BREAKOUT_FOLLOWED
FIRED,2026-07-10-DN,2026-07-10T12:43:00Z,SELL,4090.5,4098.0,4088.94,6.626428571428603,
RESOLVED,2026-07-10-DN,2026-07-10T13:24:00Z,SELL,4087.4,4098.0,4088.94,6.626428571428603,BREAKOUT_FOLLOWED
FIRED,2026-07-18-DN,2026-07-18T12:49:00Z,SELL,4010.2,4010.5,4010.1,0.428571428571526,
RESOLVED,2026-07-18-DN,2026-07-18T13:22:00Z,SELL,4009.5,4010.5,4010.1,0.428571428571526,BREAKOUT_FOLLOWED
FIRED,2026-07-19-UP,2026-07-19T12:51:00Z,BUY,4002.1,4002.2,4000.7,0.971428571428565,
RESOLVED,2026-07-19-UP,2026-07-19T13:03:00Z,BUY,4002.5,4002.2,4000.7,0.971428571428565,BREAKOUT_FOLLOWED
FIRED,2026-07-21-DN,2026-07-21T12:42:00Z,SELL,4046.3,4055.3,4045.0,5.310714285714345,
RESOLVED,2026-07-21-DN,2026-07-21T12:43:00Z,SELL,4042.9,4055.3,4045.0,5.310714285714345,BREAKOUT_FOLLOWED
FIRED,2026-07-27-DN,2026-07-27T12:50:00Z,SELL,4075.1,4079.9,4073.7,6.096428571428597,
RESOLVED,2026-07-27-DN,2026-07-27T12:55:00Z,SELL,4073.3,4079.9,4073.7,6.096428571428597,BREAKOUT_FOLLOWED
FIRED,2026-07-28-UP,2026-07-28T12:43:00Z,BUY,4028.2,4029.9,4020.4,6.714285714285714,
RESOLVED,2026-07-28-UP,2026-07-28T12:46:00Z,BUY,4030.4,4029.9,4020.4,6.714285714285714,BREAKOUT_FOLLOWED
FIRED,2026-08-04-DN,2026-08-04T13:02:00Z,SELL,4068.8,4084.1,4066.4,9.314999999999957,
RESOLVED,2026-08-04-DN,2026-08-04T13:04:00Z,SELL,4062.0,4084.1,4066.4,9.314999999999957,BREAKOUT_FOLLOWED
FIRED,2026-08-06-DN,2026-08-06T12:48:00Z,SELL,4251.8,4264.1,4250.6,7.822142857142873,
RESOLVED,2026-08-06-DN,2026-08-06T12:49:00Z,SELL,4249.8,4264.1,4250.6,7.822142857142873,BREAKOUT_FOLLOWED
FIRED,2026-08-10-UP,2026-08-10T12:42:00Z,BUY,4323.4,4323.8,4316.9,5.3492857142856725,
RESOLVED,2026-08-10-UP,2026-08-10T12:48:00Z,BUY,4324.1,4323.8,4316.9,5.3492857142856725,BREAKOUT_FOLLOWED
FIRED,2026-08-11-UP,2026-08-11T12:42:00Z,BUY,4390.8,4391.0,4384.8,6.721428571428597,
RESOLVED,2026-08-11-UP,2026-08-11T12:43:00Z,BUY,4391.5,4391.0,4384.8,6.721428571428597,BREAKOUT_FOLLOWED
FIRED,2026-08-21-UP,2026-08-21T13:02:00Z,BUY,4573.5,4574.3,4555.1,10.05714285714287,
RESOLVED,2026-08-21-UP,2026-08-21T13:11:00Z,BUY,4575.5,4574.3,4555.1,10.05714285714287,BREAKOUT_FOLLOWED
FIRED,2026-08-23-UP,2026-08-23T12:45:00Z,BUY,4600.3,4600.5,4599.6,1.9000000000002208,
RESOLVED,2026-08-23-UP,2026-08-23T12:59:00Z,BUY,4600.8,4600.5,4599.6,1.9000000000002208,BREAKOUT_FOLLOWED
FIRED,2026-09-14-DN,2026-09-14T12:52:00Z,SELL,4285.4,4300.5,4284.0,8.853571428571415,
RESOLVED,2026-09-14-DN,2026-09-14T12:53:00Z,SELL,4280.8,4300.5,4284.0,8.853571428571415,BREAKOUT_FOLLOWED
FIRED,2026-09-18-UP,2026-09-18T13:00:00Z,BUY,4367.5,4368.0,4353.2,7.751428571428472,
RESOLVED,2026-09-18-UP,2026-09-18T13:06:00Z,BUY,4368.8,4368.0,4353.2,7.751428571428472,BREAKOUT_FOLLOWED
FIRED,2026-09-20-DN,2026-09-20T13:33:00Z,SELL,4359.5,4360.0,4359.4,0.9571428571428312,
RESOLVED,2026-09-20-DN,2026-09-20T14:59:00Z,SELL,4359.6,4360.0,4359.4,0.9571428571428312,NOT_FOLLOWED
