entry_time_utc,side,entry,sl,tp,exit_time_utc,exit,result,R,had_alert,100_before,1000_before,10000_before,100_pnl,1000_pnl,10000_pnl,100_after,1000_after,10000_after
2026-02-20T13:45:00Z,BUY,5041.9,5033.021428571428,5072.975,2026-02-20T15:01:00Z,5072.975,TP,3.5,True,100.0,1000.0,10000.0,3.5,35.0,350.0,103.5,1035.0,10350.0
2026-02-21T13:42:00Z,BUY,5129.8,5127.802142857143,5136.7925,2026-02-21T14:24:00Z,5136.7925,TP,3.5,False,103.5,1035.0,10350.0,3.62,36.22,362.25,107.12,1071.22,10712.25
2026-02-22T13:41:00Z,BUY,5138.8,5136.421428571429,5147.125,2026-02-22T14:28:00Z,5147.125,TP,3.5,False,107.12,1071.22,10712.25,3.75,37.49,374.93,110.87,1108.72,11087.18
2026-02-23T13:58:00Z,SELL,5158.6,5166.771428571429,5130.0,2026-02-23T14:13:00Z,5166.771428571429,SL,-1.0,True,110.87,1108.72,11087.18,-1.11,-11.09,-110.87,109.76,1097.63,10976.31
2026-02-25T13:40:00Z,BUY,5206.4,5197.643571428571,5237.047500000001,2026-02-25T14:19:00Z,5197.643571428571,SL,-1.0,False,109.76,1097.63,10976.31,-1.1,-10.98,-109.76,108.67,1086.65,10866.54
2026-02-26T13:44:00Z,SELL,5174.6,5183.114285714286,5144.8,2026-02-26T14:37:00Z,5183.114285714286,SL,-1.0,False,108.67,1086.65,10866.54,-1.09,-10.87,-108.67,107.58,1075.79,10757.88
2026-02-28T13:40:00Z,BUY,5440.5,5403.550714285714,5569.822500000001,2026-02-28T13:45:00Z,5403.550714285714,SL,-1.0,False,107.58,1075.79,10757.88,-1.08,-10.76,-107.58,106.5,1065.03,10650.3
2026-03-01T13:40:00Z,SELL,5396.6,5409.46,5351.59,2026-03-01T16:00:00Z,5409.46,SL,-1.0,False,106.5,1065.03,10650.3,-1.07,-10.65,-106.5,105.44,1054.38,10543.8
2026-03-02T13:44:00Z,SELL,5417.1,5430.068571428572,5371.71,2026-03-02T14:22:00Z,5371.71,TP,3.5,False,105.44,1054.38,10543.8,3.69,36.9,369.03,109.13,1091.28,10912.83
2026-03-03T13:40:00Z,SELL,5167.6,5208.33142857143,5025.04,2026-03-03T20:00:00Z,5130.4,FLAT,0.913,False,109.13,1091.28,10912.83,1.0,9.97,99.67,110.12,1101.25,11012.5
2026-03-04T13:52:00Z,SELL,5191.0,5204.7,5143.05,2026-03-04T15:14:00Z,5143.05,TP,3.5,False,110.12,1101.25,11012.5,3.85,38.54,385.44,113.98,1139.79,11397.93
2026-03-07T13:57:00Z,BUY,5179.2,5176.516428571428,5188.5925,2026-03-07T19:40:00Z,5176.516428571428,SL,-1.0,False,113.98,1139.79,11397.93,-1.14,-11.4,-113.98,112.84,1128.4,11283.95
2026-03-09T12:42:00Z,SELL,5110.9,5122.785,5069.302499999999,2026-03-09T14:12:00Z,5069.302499999999,TP,3.5,False,112.84,1128.4,11283.95,3.95,39.49,394.94,116.79,1167.89,11678.89
2026-03-10T12:44:00Z,BUY,5185.9,5176.085714285714,5220.25,2026-03-10T13:21:00Z,5220.25,TP,3.5,False,116.79,1167.89,11678.89,4.09,40.88,408.76,120.88,1208.77,12087.65
2026-03-12T12:45:00Z,BUY,5172.8,5167.057142857143,5192.900000000001,2026-03-12T13:22:00Z,5167.057142857143,SL,-1.0,False,120.88,1208.77,12087.65,-1.21,-12.09,-120.88,119.67,1196.68,11966.78
2026-03-13T12:42:00Z,SELL,5106.8,5115.876428571429,5075.032500000001,2026-03-13T12:46:00Z,5115.876428571429,SL,-1.0,False,119.67,1196.68,11966.78,-1.2,-11.97,-119.67,118.47,1184.71,11847.11
2026-03-14T12:49:00Z,BUY,5027.0,5025.631428571429,5031.79,2026-03-14T13:16:00Z,5025.631428571429,SL,-1.0,False,118.47,1184.71,11847.11,-1.18,-11.85,-118.47,117.29,1172.86,11728.64
2026-03-15T12:45:00Z,SELL,5005.8,5008.314285714286,4997.0,2026-03-15T13:29:00Z,5008.314285714286,SL,-1.0,False,117.29,1172.86,11728.64,-1.17,-11.73,-117.29,116.11,1161.14,11611.35
2026-03-16T12:47:00Z,SELL,5010.0,5021.886428571429,4968.3975,2026-03-16T13:35:00Z,5021.886428571429,SL,-1.0,True,116.11,1161.14,11611.35,-1.16,-11.61,-116.11,114.95,1149.52,11495.24
2026-03-17T12:46:00Z,SELL,5004.7,5012.687857142857,4976.7425,2026-03-17T13:32:00Z,5012.687857142857,SL,-1.0,False,114.95,1149.52,11495.24,-1.15,-11.5,-114.95,113.8,1138.03,11380.29
2026-03-18T12:43:00Z,SELL,4866.8,4881.424285714286,4815.615,2026-03-18T12:53:00Z,4881.424285714286,SL,-1.0,False,113.8,1138.03,11380.29,-1.14,-11.38,-113.8,112.66,1126.65,11266.48
2026-03-19T12:42:00Z,SELL,4589.2,4615.067142857142,4498.665,2026-03-19T13:57:00Z,4615.067142857142,SL,-1.0,False,112.66,1126.65,11266.48,-1.13,-11.27,-112.66,111.54,1115.38,11153.82
2026-03-20T12:40:00Z,SELL,4664.1,4683.292857142857,4596.925000000001,2026-03-20T14:13:00Z,4596.925000000001,TP,3.5,False,111.54,1115.38,11153.82,3.9,39.04,390.38,115.44,1154.42,11544.2
2026-03-21T12:48:00Z,BUY,4506.2,4503.457142857143,4515.8,2026-03-21T14:03:00Z,4503.457142857143,SL,-1.0,False,115.44,1154.42,11544.2,-1.15,-11.54,-115.44,114.29,1142.88,11428.76
2026-03-22T12:41:00Z,BUY,4471.8,4464.364285714286,4497.825,2026-03-22T19:00:00Z,4493.9,FLAT,2.972,False,114.29,1142.88,11428.76,3.4,33.97,339.68,117.68,1176.84,11768.44
2026-03-23T12:41:00Z,BUY,4426.3,4374.464285714286,4607.725,2026-03-23T15:55:00Z,4374.464285714286,SL,-1.0,False,117.68,1176.84,11768.44,-1.18,-11.77,-117.68,116.51,1165.08,11650.75
2026-03-24T13:29:00Z,SELL,4365.2,4386.647142857143,4290.134999999999,2026-03-24T13:57:00Z,4386.647142857143,SL,-1.0,True,116.51,1165.08,11650.75,-1.17,-11.65,-116.51,115.34,1153.42,11534.25
2026-03-26T12:56:00Z,SELL,4433.4,4449.965714285714,4375.419999999999,2026-03-26T13:23:00Z,4449.965714285714,SL,-1.0,True,115.34,1153.42,11534.25,-1.15,-11.53,-115.34,114.19,1141.89,11418.9
2026-03-27T12:41:00Z,BUY,4435.9,4426.0,4470.549999999999,2026-03-27T13:10:00Z,4426.0,SL,-1.0,False,114.19,1141.89,11418.9,-1.14,-11.42,-114.19,113.05,1130.47,11304.72
2026-03-28T12:48:00Z,BUY,4504.0,4501.95,4511.174999999999,2026-03-28T13:48:00Z,4501.95,SL,-1.0,False,113.05,1130.47,11304.72,-1.13,-11.3,-113.05,111.92,1119.17,11191.67
2026-03-30T12:42:00Z,BUY,4573.1,4561.004285714286,4615.435,2026-03-30T13:08:00Z,4561.004285714286,SL,-1.0,False,111.92,1119.17,11191.67,-1.12,-11.19,-111.92,110.8,1107.98,11079.75
2026-03-31T12:46:00Z,SELL,4574.7,4589.878571428571,4521.575000000001,2026-03-31T13:50:00Z,4589.878571428571,SL,-1.0,True,110.8,1107.98,11079.75,-1.11,-11.08,-110.8,109.69,1096.9,10968.95
2026-04-01T12:44:00Z,BUY,4735.2,4724.492142857142,4772.6775,2026-04-01T12:45:00Z,4724.492142857142,SL,-1.0,False,109.69,1096.9,10968.95,-1.1,-10.97,-109.69,108.59,1085.93,10859.26
2026-04-02T12:40:00Z,SELL,4610.0,4624.535714285715,4559.125,2026-04-02T13:49:00Z,4624.535714285715,SL,-1.0,False,108.59,1085.93,10859.26,-1.09,-10.86,-108.59,107.51,1075.07,10750.67
2026-04-04T12:44:00Z,BUY,4652.9,4651.233571428571,4658.732500000001,2026-04-04T17:56:00Z,4651.233571428571,SL,-1.0,False,107.51,1075.07,10750.67,-1.08,-10.75,-107.51,106.43,1064.32,10643.17
2026-04-05T12:40:00Z,BUY,4623.5,4620.923571428571,4632.5175,2026-04-05T13:18:00Z,4632.5175,TP,3.5,False,106.43,1064.32,10643.17,3.73,37.25,372.51,110.16,1101.57,11015.68
2026-04-06T12:45:00Z,BUY,4662.4,4653.795714285714,4692.514999999999,2026-04-06T13:05:00Z,4653.795714285714,SL,-1.0,False,110.16,1101.57,11015.68,-1.1,-11.02,-110.16,109.06,1090.55,10905.52
2026-04-07T12:44:00Z,SELL,4641.1,4655.422142857144,4590.9725,2026-04-07T17:06:00Z,4655.422142857144,SL,-1.0,False,109.06,1090.55,10905.52,-1.09,-10.91,-109.06,107.96,1079.65,10796.46
2026-04-08T12:46:00Z,BUY,4779.5,4767.306428571429,4822.177499999999,2026-04-08T13:31:00Z,4767.306428571429,SL,-1.0,True,107.96,1079.65,10796.46,-1.08,-10.8,-107.96,106.88,1068.85,10688.5
2026-04-09T12:42:00Z,BUY,4733.1,4725.219285714286,4760.682500000001,2026-04-09T12:47:00Z,4725.219285714286,SL,-1.0,False,106.88,1068.85,10688.5,-1.07,-10.69,-106.88,105.82,1058.16,10581.61
2026-04-11T13:12:00Z,SELL,4727.8,4728.792857142857,4724.325,2026-04-11T14:18:00Z,4728.792857142857,SL,-1.0,False,105.82,1058.16,10581.61,-1.06,-10.58,-105.82,104.76,1047.58,10475.8
2026-04-12T12:40:00Z,SELL,4705.3,4707.621428571429,4697.174999999999,2026-04-12T13:00:00Z,4697.174999999999,TP,3.5,False,104.76,1047.58,10475.8,3.67,36.67,366.65,108.42,1084.25,10842.45
2026-04-13T12:45:00Z,BUY,4700.5,4691.578571428571,4731.725,2026-04-13T14:23:00Z,4691.578571428571,SL,-1.0,True,108.42,1084.25,10842.45,-1.08,-10.84,-108.42,107.34,1073.4,10734.03
2026-04-14T12:46:00Z,SELL,4750.4,4759.357142857142,4719.049999999999,2026-04-14T13:03:00Z,4759.357142857142,SL,-1.0,True,107.34,1073.4,10734.03,-1.07,-10.73,-107.34,106.27,1062.67,10626.69
2026-04-15T12:43:00Z,SELL,4800.6,4810.079285714286,4767.422500000001,2026-04-15T13:26:00Z,4810.079285714286,SL,-1.0,False,106.27,1062.67,10626.69,-1.06,-10.63,-106.27,105.2,1052.04,10520.42
2026-04-16T13:01:00Z,BUY,4806.9,4800.850714285714,4828.072499999999,2026-04-16T13:30:00Z,4800.850714285714,SL,-1.0,False,105.2,1052.04,10520.42,-1.05,-10.52,-105.2,104.15,1041.52,10415.22
2026-04-17T12:45:00Z,BUY,4808.5,4802.319285714286,4830.1325,2026-04-17T13:06:00Z,4830.1325,TP,3.5,False,104.15,1041.52,10415.22,3.65,36.45,364.53,107.8,1077.97,10779.75
2026-04-18T12:40:00Z,SELL,4788.0,4791.278571428571,4776.525,2026-04-18T14:22:00Z,4791.278571428571,SL,-1.0,False,107.8,1077.97,10779.75,-1.08,-10.78,-107.8,106.72,1067.2,10671.95
2026-04-19T12:43:00Z,SELL,4778.4,4781.4,4767.9,2026-04-19T12:54:00Z,4781.4,SL,-1.0,False,106.72,1067.2,10671.95,-1.07,-10.67,-106.72,105.65,1056.52,10565.23
2026-04-20T13:08:00Z,BUY,4793.5,4787.042857142857,4816.099999999999,2026-04-20T14:51:00Z,4787.042857142857,SL,-1.0,True,105.65,1056.52,10565.23,-1.06,-10.57,-105.65,104.6,1045.96,10459.58
2026-04-22T12:42:00Z,SELL,4731.9,4737.915,4710.8475,2026-04-22T13:43:00Z,4737.915,SL,-1.0,False,104.6,1045.96,10459.58,-1.05,-10.46,-104.6,103.55,1035.5,10354.98
2026-04-23T12:58:00Z,BUY,4726.1,4717.120714285715,4757.5275,2026-04-23T13:01:00Z,4717.120714285715,SL,-1.0,True,103.55,1035.5,10354.98,-1.04,-10.35,-103.55,102.51,1025.14,10251.43
2026-04-24T12:42:00Z,SELL,4690.0,4699.192857142857,4657.825,2026-04-24T13:48:00Z,4699.192857142857,SL,-1.0,False,102.51,1025.14,10251.43,-1.03,-10.25,-102.51,101.49,1014.89,10148.92
2026-04-25T12:41:00Z,SELL,4697.3,4698.314285714286,4693.75,2026-04-25T13:56:00Z,4698.314285714286,SL,-1.0,False,101.49,1014.89,10148.92,-1.01,-10.15,-101.49,100.47,1004.74,10047.43
2026-04-26T12:43:00Z,BUY,4696.4,4695.421428571428,4699.825,2026-04-26T14:11:00Z,4699.825,TP,3.5,False,100.47,1004.74,10047.43,3.52,35.17,351.66,103.99,1039.91,10399.09
2026-04-27T12:40:00Z,SELL,4686.3,4691.716428571429,4667.342500000001,2026-04-27T14:55:00Z,4667.342500000001,TP,3.5,False,103.99,1039.91,10399.09,3.64,36.4,363.97,107.63,1076.31,10763.06
2026-04-28T12:42:00Z,BUY,4579.2,4567.035714285714,4621.775000000001,2026-04-28T13:08:00Z,4567.035714285714,SL,-1.0,False,107.63,1076.31,10763.06,-1.08,-10.76,-107.63,106.55,1065.54,10655.43
2026-04-29T12:51:00Z,SELL,4543.0,4550.990714285715,4515.032499999999,2026-04-29T13:40:00Z,4515.032499999999,TP,3.5,True,106.55,1065.54,10655.43,3.73,37.29,372.94,110.28,1102.84,11028.37
2026-04-30T12:56:00Z,BUY,4627.7,4618.653571428571,4659.3625,2026-04-30T13:35:00Z,4618.653571428571,SL,-1.0,False,110.28,1102.84,11028.37,-1.1,-11.03,-110.28,109.18,1091.81,10918.08
2026-05-01T12:41:00Z,SELL,4586.6,4594.227857142858,4559.9025,2026-05-01T13:34:00Z,4594.227857142858,SL,-1.0,False,109.18,1091.81,10918.08,-1.09,-10.92,-109.18,108.09,1080.89,10808.9
2026-05-02T12:47:00Z,BUY,4601.4,4600.821428571428,4603.424999999999,2026-05-02T13:40:00Z,4600.821428571428,SL,-1.0,False,108.09,1080.89,10808.9,-1.08,-10.81,-108.09,107.01,1070.08,10700.81
2026-05-03T12:40:00Z,BUY,4613.8,4611.967857142858,4620.212500000001,2026-05-03T13:41:00Z,4611.967857142858,SL,-1.0,False,107.01,1070.08,10700.81,-1.07,-10.7,-107.01,105.94,1059.38,10593.81
2026-05-04T12:41:00Z,BUY,4563.7,4552.407142857142,4603.224999999999,2026-05-04T13:00:00Z,4552.407142857142,SL,-1.0,False,105.94,1059.38,10593.81,-1.06,-10.59,-105.94,104.88,1048.79,10487.87
2026-05-05T12:45:00Z,SELL,4556.9,4564.671428571428,4529.699999999999,2026-05-05T13:04:00Z,4564.671428571428,SL,-1.0,False,104.88,1048.79,10487.87,-1.05,-10.49,-104.88,103.83,1038.3,10382.99
2026-05-06T12:54:00Z,SELL,4664.8,4678.361428571428,4617.335000000001,2026-05-06T13:01:00Z,4678.361428571428,SL,-1.0,True,103.83,1038.3,10382.99,-1.04,-10.38,-103.83,102.79,1027.92,10279.16
2026-05-07T12:41:00Z,BUY,4740.37,4732.506428571429,4767.8925,2026-05-07T13:00:00Z,4732.506428571429,SL,-1.0,False,102.79,1027.92,10279.16,-1.03,-10.28,-102.79,101.76,1017.64,10176.37
2026-05-09T12:41:00Z,BUY,4703.9,4703.15,4706.525,2026-05-09T13:29:00Z,4703.15,SL,-1.0,False,101.76,1017.64,10176.37,-1.02,-10.18,-101.76,100.75,1007.46,10074.6
2026-05-10T12:46:00Z,BUY,4715.0,4713.078571428571,4721.725,2026-05-10T17:46:00Z,4721.725,TP,3.5,False,100.75,1007.46,10074.6,3.53,35.26,352.61,104.27,1042.72,10427.21
2026-05-11T12:56:00Z,BUY,4693.0,4686.239285714286,4716.6625,2026-05-11T13:16:00Z,4716.6625,TP,3.5,False,104.27,1042.72,10427.21,3.65,36.5,364.95,107.92,1079.22,10792.17
2026-05-12T12:40:00Z,BUY,4696.5,4688.942857142857,4722.95,2026-05-12T13:04:00Z,4688.942857142857,SL,-1.0,False,107.92,1079.22,10792.17,-1.08,-10.79,-107.92,106.84,1068.42,10684.25
2026-05-13T13:00:00Z,BUY,4681.5,4674.387142857143,4706.3949999999995,2026-05-13T13:35:00Z,4674.387142857143,SL,-1.0,True,106.84,1068.42,10684.25,-1.07,-10.68,-106.84,105.77,1057.74,10577.4
2026-05-14T12:44:00Z,SELL,4688.7,4695.392857142857,4665.275,2026-05-14T12:54:00Z,4695.392857142857,SL,-1.0,False,105.77,1057.74,10577.4,-1.06,-10.58,-105.77,104.72,1047.16,10471.63
2026-05-15T12:42:00Z,SELL,4547.3,4559.4007142857145,4504.947499999999,2026-05-15T14:20:00Z,4559.4007142857145,SL,-1.0,False,104.72,1047.16,10471.63,-1.05,-10.47,-104.72,103.67,1036.69,10366.91
2026-05-16T12:41:00Z,BUY,4528.0,4523.828571428571,4542.6,2026-05-16T19:00:00Z,4537.0,FLAT,2.158,False,103.67,1036.69,10366.91,2.24,22.37,223.67,105.91,1059.06,10590.58
2026-05-17T13:03:00Z,SELL,4535.6,4536.928571428572,4530.950000000001,2026-05-17T13:38:00Z,4536.928571428572,SL,-1.0,True,105.91,1059.06,10590.58,-1.06,-10.59,-105.91,104.85,1048.47,10484.68
2026-05-18T12:41:00Z,BUY,4564.5,4554.519285714286,4599.432500000001,2026-05-18T14:33:00Z,4554.519285714286,SL,-1.0,False,104.85,1048.47,10484.68,-1.05,-10.48,-104.85,103.8,1037.98,10379.83
2026-05-19T12:40:00Z,SELL,4543.6,4552.542857142857,4512.3,2026-05-19T13:23:00Z,4512.3,TP,3.5,False,103.8,1037.98,10379.83,3.63,36.33,363.29,107.43,1074.31,10743.12
2026-05-20T12:55:00Z,SELL,4502.7,4509.935714285714,4477.375,2026-05-20T14:11:00Z,4477.375,TP,3.5,True,107.43,1074.31,10743.12,3.76,37.6,376.01,111.19,1111.91,11119.13
2026-05-21T12:57:00Z,SELL,4505.5,4514.018571428572,4475.6849999999995,2026-05-21T13:53:00Z,4514.018571428572,SL,-1.0,False,111.19,1111.91,11119.13,-1.11,-11.12,-111.19,110.08,1100.79,11007.94
2026-05-22T12:59:00Z,BUY,4528.0,4520.992857142857,4552.525,2026-05-22T13:25:00Z,4520.992857142857,SL,-1.0,True,110.08,1100.79,11007.94,-1.1,-11.01,-110.08,108.98,1089.79,10897.86
2026-05-23T12:40:00Z,BUY,4502.0,4500.528571428571,4507.150000000001,2026-05-23T13:54:00Z,4507.150000000001,TP,3.5,False,108.98,1089.79,10897.86,3.81,38.14,381.43,112.79,1127.93,11279.29
2026-05-24T13:19:00Z,BUY,4535.4,4533.580714285714,4541.7675,2026-05-24T13:31:00Z,4533.580714285714,SL,-1.0,False,112.79,1127.93,11279.29,-1.13,-11.28,-112.79,111.66,1116.65,11166.5
2026-05-26T12:42:00Z,BUY,4512.2,4503.669285714285,4542.0575,2026-05-26T16:14:00Z,4503.669285714285,SL,-1.0,False,111.66,1116.65,11166.5,-1.12,-11.17,-111.66,110.55,1105.48,11054.83
2026-05-27T12:47:00Z,SELL,4452.7,4462.544285714285,4418.245,2026-05-27T13:18:00Z,4418.245,TP,3.5,True,110.55,1105.48,11054.83,3.87,38.69,386.92,114.42,1144.17,11441.75
2026-05-29T12:42:00Z,SELL,4504.2,4512.389999999999,4475.535,2026-05-29T12:59:00Z,4512.389999999999,SL,-1.0,False,114.42,1144.17,11441.75,-1.14,-11.44,-114.42,113.27,1132.73,11327.33
2026-05-30T12:40:00Z,SELL,4527.4,4529.585714285714,4519.75,2026-05-30T19:00:00Z,4521.7,FLAT,2.608,False,113.27,1132.73,11327.33,2.95,29.54,295.4,116.23,1162.27,11622.73
2026-05-31T13:20:00Z,SELL,4530.8,4532.296428571429,4525.5625,2026-05-31T15:17:00Z,4525.5625,TP,3.5,False,116.23,1162.27,11622.73,4.07,40.68,406.8,120.3,1202.95,12029.53
2026-06-01T12:44:00Z,BUY,4500.1,4493.746428571429,4522.337500000001,2026-06-01T12:57:00Z,4493.746428571429,SL,-1.0,False,120.3,1202.95,12029.53,-1.2,-12.03,-120.3,119.09,1190.92,11909.23
2026-06-02T12:47:00Z,SELL,4511.8,4517.192857142857,4492.925,2026-06-02T14:00:00Z,4492.925,TP,3.5,False,119.09,1190.92,11909.23,4.17,41.68,416.82,123.26,1232.61,12326.05
2026-06-03T12:43:00Z,BUY,4449.8,4439.562857142858,4485.629999999999,2026-06-03T13:26:00Z,4439.562857142858,SL,-1.0,True,123.26,1232.61,12326.05,-1.23,-12.33,-123.26,122.03,1220.28,12202.79
2026-06-04T12:49:00Z,BUY,4498.3,4488.632142857143,4532.1375,2026-06-04T14:08:00Z,4488.632142857143,SL,-1.0,False,122.03,1220.28,12202.79,-1.22,-12.2,-122.03,120.81,1208.08,12080.77
2026-06-06T12:46:00Z,BUY,4293.6,4289.992857142858,4306.224999999999,2026-06-06T14:59:00Z,4289.992857142858,SL,-1.0,True,120.81,1208.08,12080.77,-1.21,-12.08,-120.81,119.6,1196.0,11959.96
2026-06-07T12:49:00Z,BUY,4303.3,4299.657142857143,4316.05,2026-06-07T13:02:00Z,4299.657142857143,SL,-1.0,True,119.6,1196.0,11959.96,-1.2,-11.96,-119.6,118.4,1184.04,11840.36
2026-06-08T12:42:00Z,BUY,4326.6,4314.64,4368.460000000001,2026-06-08T13:07:00Z,4314.64,SL,-1.0,False,118.4,1184.04,11840.36,-1.18,-11.84,-118.4,117.22,1172.2,11721.95
2026-06-09T12:46:00Z,BUY,4329.2,4322.9,4351.25,2026-06-09T13:18:00Z,4322.9,SL,-1.0,False,117.22,1172.2,11721.95,-1.17,-11.72,-117.22,116.05,1160.47,11604.74
2026-06-11T12:45:00Z,BUY,4074.7,4065.935714285714,4105.375,2026-06-11T14:09:00Z,4065.935714285714,SL,-1.0,False,116.05,1160.47,11604.74,-1.16,-11.6,-116.05,114.89,1148.87,11488.69
2026-06-12T12:55:00Z,SELL,4183.2,4192.678571428572,4150.025,2026-06-12T13:08:00Z,4192.678571428572,SL,-1.0,True,114.89,1148.87,11488.69,-1.15,-11.49,-114.89,113.74,1137.38,11373.8
2026-06-13T13:00:00Z,SELL,4212.4,4213.4,4208.900000000001,2026-06-13T13:03:00Z,4213.4,SL,-1.0,False,113.74,1137.38,11373.8,-1.14,-11.37,-113.74,112.6,1126.01,11260.06
2026-06-14T12:46:00Z,SELL,4222.5,4224.971428571429,4213.85,2026-06-14T14:34:00Z,4213.85,TP,3.5,False,112.6,1126.01,11260.06,3.94,39.41,394.1,116.54,1165.42,11654.17
2026-06-15T12:50:00Z,BUY,4337.5,4331.3150000000005,4359.1475,2026-06-15T13:02:00Z,4331.3150000000005,SL,-1.0,True,116.54,1165.42,11654.17,-1.17,-11.65,-116.54,115.38,1153.76,11537.62
2026-06-16T12:43:00Z,BUY,4336.2,4330.471428571428,4356.25,2026-06-16T13:08:00Z,4330.471428571428,SL,-1.0,False,115.38,1153.76,11537.62,-1.15,-11.54,-115.38,114.22,1142.22,11422.25
2026-06-17T12:45:00Z,BUY,4318.7,4313.821428571428,4335.775,2026-06-17T13:06:00Z,4313.821428571428,SL,-1.0,False,114.22,1142.22,11422.25,-1.14,-11.42,-114.22,113.08,1130.8,11308.02
2026-06-18T13:11:00Z,BUY,4248.8,4239.342857142858,4281.9,2026-06-18T14:01:00Z,4239.342857142858,SL,-1.0,False,113.08,1130.8,11308.02,-1.13,-11.31,-113.08,111.95,1119.49,11194.94
2026-06-19T12:50:00Z,BUY,4150.8,4144.178571428572,4173.975,2026-06-19T12:59:00Z,4173.975,TP,3.5,True,111.95,1119.49,11194.94,3.92,39.18,391.82,115.87,1158.68,11586.77
2026-06-20T13:15:00Z,SELL,4151.5,4152.877142857143,4146.68,2026-06-20T13:23:00Z,4146.68,TP,3.5,False,115.87,1158.68,11586.77,4.06,40.55,405.54,119.92,1199.23,11992.3
2026-06-21T12:43:00Z,BUY,4154.4,4151.978571428571,4162.875,2026-06-21T19:00:00Z,4156.5,FLAT,0.867,False,119.92,1199.23,11992.3,1.04,10.4,104.0,120.96,1209.63,12096.31
2026-06-22T12:40:00Z,SELL,4195.6,4202.229285714287,4172.3975,2026-06-22T14:08:00Z,4202.229285714287,SL,-1.0,False,120.96,1209.63,12096.31,-1.21,-12.1,-120.96,119.75,1197.53,11975.35
2026-06-23T12:46:00Z,SELL,4105.4,4113.971428571428,4075.4,2026-06-23T13:32:00Z,4113.971428571428,SL,-1.0,True,119.75,1197.53,11975.35,-1.2,-11.98,-119.75,118.56,1185.56,11855.59
2026-06-24T12:49:00Z,SELL,4004.5,4014.407142857143,3969.825,2026-06-24T13:11:00Z,3969.825,TP,3.5,True,118.56,1185.56,11855.59,4.15,41.49,414.95,122.71,1227.05,12270.54
2026-06-26T12:40:00Z,SELL,4035.1,4043.8764285714287,4004.3824999999997,2026-06-26T12:57:00Z,4043.8764285714287,SL,-1.0,False,122.71,1227.05,12270.54,-1.23,-12.27,-122.71,121.48,1214.78,12147.83
2026-06-27T12:55:00Z,SELL,4076.3,4077.2857142857147,4072.8500000000004,2026-06-27T13:40:00Z,4077.2857142857147,SL,-1.0,False,121.48,1214.78,12147.83,-1.21,-12.15,-121.48,120.26,1202.64,12026.35
2026-06-28T13:00:00Z,SELL,4073.1,4074.4142857142856,4068.5,2026-06-28T17:15:00Z,4068.5,TP,3.5,False,120.26,1202.64,12026.35,4.21,42.09,420.92,124.47,1244.73,12447.28
2026-06-29T13:00:00Z,BUY,4043.4,4034.1642857142856,4075.7250000000004,2026-06-29T13:29:00Z,4034.1642857142856,SL,-1.0,True,124.47,1244.73,12447.28,-1.24,-12.45,-124.47,123.23,1232.28,12322.8
2026-06-30T12:56:00Z,SELL,4006.4,4012.6042857142857,3984.685,2026-06-30T13:05:00Z,4012.6042857142857,SL,-1.0,True,123.23,1232.28,12322.8,-1.23,-12.32,-123.23,122.0,1219.96,12199.58
2026-07-01T13:00:00Z,SELL,4014.3,4022.7000000000003,3984.9,2026-07-01T13:17:00Z,4022.7000000000003,SL,-1.0,True,122.0,1219.96,12199.58,-1.22,-12.2,-122.0,120.78,1207.76,12077.58
2026-07-03T12:58:00Z,SELL,4163.8,4169.557142857143,4143.65,2026-07-03T13:00:00Z,4169.557142857143,SL,-1.0,False,120.78,1207.76,12077.58,-1.21,-12.08,-120.78,119.57,1195.68,11956.8
2026-07-04T12:44:00Z,SELL,4162.0,4163.534285714286,4156.63,2026-07-04T13:20:00Z,4163.534285714286,SL,-1.0,False,119.57,1195.68,11956.8,-1.2,-11.96,-119.57,118.37,1183.72,11837.24
2026-07-05T13:34:00Z,SELL,4165.5,4166.5,4162.0,2026-07-05T15:03:00Z,4166.5,SL,-1.0,False,118.37,1183.72,11837.24,-1.18,-11.84,-118.37,117.19,1171.89,11718.86
2026-07-06T12:41:00Z,SELL,4127.0,4132.440714285714,4107.9575,2026-07-06T12:53:00Z,4132.440714285714,SL,-1.0,False,117.19,1171.89,11718.86,-1.17,-11.72,-117.19,116.02,1160.17,11601.68
2026-07-07T12:46:00Z,BUY,4159.7,4151.088571428571,4189.839999999999,2026-07-07T13:57:00Z,4151.088571428571,SL,-1.0,True,116.02,1160.17,11601.68,-1.16,-11.6,-116.02,114.86,1148.57,11485.66
2026-07-08T12:40:00Z,BUY,4069.3,4057.397142857143,4110.96,2026-07-08T14:06:00Z,4057.397142857143,SL,-1.0,False,114.86,1148.57,11485.66,-1.15,-11.49,-114.86,113.71,1137.08,11370.8
2026-07-10T13:24:00Z,SELL,4087.4,4094.026428571429,4064.2075,2026-07-10T13:50:00Z,4094.026428571429,SL,-1.0,True,113.71,1137.08,11370.8,-1.14,-11.37,-113.71,112.57,1125.71,11257.09
2026-07-11T12:45:00Z,SELL,4108.4,4109.328571428571,4105.15,2026-07-11T13:27:00Z,4109.328571428571,SL,-1.0,False,112.57,1125.71,11257.09,-1.13,-11.26,-112.57,111.45,1114.45,11144.52
2026-07-12T13:00:00Z,SELL,4094.8,4095.3500000000004,4092.8750000000005,2026-07-12T14:42:00Z,4092.8750000000005,TP,3.5,False,111.45,1114.45,11144.52,3.9,39.01,390.06,115.35,1153.46,11534.58
2026-07-13T12:43:00Z,BUY,4055.6,4048.042857142857,4082.0499999999997,2026-07-13T13:39:00Z,4048.042857142857,SL,-1.0,False,115.35,1153.46,11534.58,-1.15,-11.53,-115.35,114.19,1141.92,11419.24
2026-07-17T12:40:00Z,SELL,3974.0,3979.3264285714286,3955.3575,2026-07-17T13:37:00Z,3979.3264285714286,SL,-1.0,False,114.19,1141.92,11419.24,-1.14,-11.42,-114.19,113.05,1130.5,11305.04
2026-07-18T13:22:00Z,SELL,4009.5,4009.9285714285716,4007.9999999999995,2026-07-18T15:03:00Z,4009.9285714285716,SL,-1.0,True,113.05,1130.5,11305.04,-1.13,-11.31,-113.05,111.92,1119.2,11191.99
2026-07-19T13:03:00Z,BUY,4002.5,4001.5285714285715,4005.9,2026-07-19T14:13:00Z,4005.9,TP,3.5,True,111.92,1119.2,11191.99,3.92,39.17,391.72,115.84,1158.37,11583.71
2026-07-20T12:40:00Z,SELL,4006.9,4013.4714285714285,3983.9,2026-07-20T13:41:00Z,4013.4714285714285,SL,-1.0,False,115.84,1158.37,11583.71,-1.16,-11.58,-115.84,114.68,1146.79,11467.88
2026-07-21T12:43:00Z,SELL,4042.9,4048.2107142857144,4024.3125,2026-07-21T12:47:00Z,4048.2107142857144,SL,-1.0,True,114.68,1146.79,11467.88,-1.15,-11.47,-114.68,113.53,1135.32,11353.2
2026-07-22T12:46:00Z,SELL,4109.24,4114.877857142857,4089.5075,2026-07-22T13:19:00Z,4114.877857142857,SL,-1.0,False,113.53,1135.32,11353.2,-1.14,-11.35,-113.53,112.4,1123.97,11239.66
2026-07-23T12:48:00Z,SELL,4057.0,4064.135714285714,4032.025,2026-07-23T19:00:00Z,4043.5,FLAT,1.892,False,112.4,1123.97,11239.66,2.13,21.26,212.64,114.52,1145.23,11452.31
2026-07-24T12:41:00Z,SELL,4044.6,4050.404285714286,4024.285,2026-07-24T13:48:00Z,4050.404285714286,SL,-1.0,False,114.52,1145.23,11452.31,-1.15,-11.45,-114.52,113.38,1133.78,11337.78
2026-07-25T13:05:00Z,BUY,4049.2,4048.45,4051.8249999999994,2026-07-25T14:36:00Z,4051.8249999999994,TP,3.5,False,113.38,1133.78,11337.78,3.97,39.68,396.82,117.35,1173.46,11734.61
2026-07-26T12:44:00Z,SELL,4055.4,4056.654285714286,4051.01,2026-07-26T13:24:00Z,4056.654285714286,SL,-1.0,False,117.35,1173.46,11734.61,-1.17,-11.73,-117.35,116.17,1161.73,11617.26
2026-07-27T12:55:00Z,SELL,4073.3,4079.3964285714287,4051.9625,2026-07-27T13:00:00Z,4079.3964285714287,SL,-1.0,True,116.17,1161.73,11617.26,-1.16,-11.62,-116.17,115.01,1150.11,11501.09
2026-07-28T12:46:00Z,BUY,4030.4,4023.6857142857143,4053.9,2026-07-28T12:58:00Z,4023.6857142857143,SL,-1.0,True,115.01,1150.11,11501.09,-1.15,-11.5,-115.01,113.86,1138.61,11386.08
2026-07-31T12:42:00Z,SELL,4048.3,4054.0428571428574,4028.2000000000003,2026-07-31T14:51:00Z,4054.0428571428574,SL,-1.0,False,113.86,1138.61,11386.08,-1.14,-11.39,-113.86,112.72,1127.22,11272.22
2026-08-01T12:48:00Z,BUY,4052.5,4051.7785714285715,4055.025,2026-08-01T13:46:00Z,4051.7785714285715,SL,-1.0,False,112.72,1127.22,11272.22,-1.13,-11.27,-112.72,111.59,1115.95,11159.49
2026-08-02T12:45:00Z,BUY,4064.88,4064.0442857142857,4067.8050000000003,2026-08-02T14:12:00Z,4064.0442857142857,SL,-1.0,False,111.59,1115.95,11159.49,-1.12,-11.16,-111.59,110.48,1104.79,11047.9
2026-08-03T12:40:00Z,SELL,4048.6,4054.3307142857143,4028.5425,2026-08-03T13:00:00Z,4054.3307142857143,SL,-1.0,False,110.48,1104.79,11047.9,-1.1,-11.05,-110.48,109.37,1093.74,10937.42
2026-08-04T13:04:00Z,SELL,4062.0,4071.315,4029.3975,2026-08-04T13:20:00Z,4071.315,SL,-1.0,True,109.37,1093.74,10937.42,-1.09,-10.94,-109.37,108.28,1082.8,10828.05
2026-08-05T12:40:00Z,SELL,4184.5,4195.629285714285,4145.547500000001,2026-08-05T13:59:00Z,4195.629285714285,SL,-1.0,False,108.28,1082.8,10828.05,-1.08,-10.83,-108.28,107.2,1071.98,10719.77
2026-08-06T12:49:00Z,SELL,4249.8,4257.622142857143,4222.422500000001,2026-08-06T13:38:00Z,4257.622142857143,SL,-1.0,True,107.2,1071.98,10719.77,-1.07,-10.72,-107.2,106.13,1061.26,10612.57
2026-08-08T12:41:00Z,BUY,4337.1,4335.305,4343.382500000001,2026-08-08T19:00:00Z,4338.6,FLAT,0.836,False,106.13,1061.26,10612.57,0.89,8.87,88.68,107.01,1070.13,10701.25
2026-08-09T12:45:00Z,BUY,4348.9,4346.942857142857,4355.749999999999,2026-08-09T19:00:00Z,4349.5,FLAT,0.307,False,107.01,1070.13,10701.25,0.33,3.28,32.81,107.34,1073.41,10734.06
2026-08-10T12:48:00Z,BUY,4324.1,4318.750714285715,4342.8225,2026-08-10T13:02:00Z,4318.750714285715,SL,-1.0,True,107.34,1073.41,10734.06,-1.07,-10.73,-107.34,106.27,1062.67,10626.72
2026-08-11T12:43:00Z,BUY,4391.5,4384.778571428571,4415.025,2026-08-11T13:16:00Z,4384.778571428571,SL,-1.0,True,106.27,1062.67,10626.72,-1.06,-10.63,-106.27,105.2,1052.05,10520.45
2026-08-14T12:40:00Z,SELL,4371.4,4377.498571428571,4350.0549999999985,2026-08-14T13:22:00Z,4377.498571428571,SL,-1.0,False,105.2,1052.05,10520.45,-1.05,-10.52,-105.2,104.15,1041.52,10415.25
2026-08-15T12:42:00Z,SELL,4373.1,4374.028571428572,4369.85,2026-08-15T13:03:00Z,4374.028571428572,SL,-1.0,False,104.15,1041.52,10415.25,-1.04,-10.42,-104.15,103.11,1031.11,10311.09
2026-08-16T12:40:00Z,SELL,4373.8,4374.622857142857,4370.92,2026-08-16T15:01:00Z,4370.92,TP,3.5,False,103.11,1031.11,10311.09,3.61,36.09,360.89,106.72,1067.2,10671.98
2026-08-17T12:42:00Z,SELL,4376.7,4382.331428571429,4356.99,2026-08-17T12:53:00Z,4382.331428571429,SL,-1.0,False,106.72,1067.2,10671.98,-1.07,-10.67,-106.72,105.65,1056.53,10565.26
2026-08-18T12:40:00Z,SELL,4387.5,4392.886428571429,4368.6475,2026-08-18T13:35:00Z,4392.886428571429,SL,-1.0,False,105.65,1056.53,10565.26,-1.06,-10.57,-105.65,104.6,1045.96,10459.61
2026-08-20T12:40:00Z,BUY,4454.5,4446.792857142857,4481.475,2026-08-20T14:24:00Z,4481.475,TP,3.5,False,104.6,1045.96,10459.61,3.66,36.61,366.09,108.26,1082.57,10825.7
2026-08-21T13:11:00Z,BUY,4575.5,4565.442857142857,4610.7,2026-08-21T13:34:00Z,4565.442857142857,SL,-1.0,True,108.26,1082.57,10825.7,-1.08,-10.83,-108.26,107.17,1071.74,10717.44
2026-08-22T13:02:00Z,SELL,4584.9,4586.892857142857,4577.924999999999,2026-08-22T16:11:00Z,4586.892857142857,SL,-1.0,False,107.17,1071.74,10717.44,-1.07,-10.72,-107.17,106.1,1061.03,10610.26
2026-08-23T12:59:00Z,BUY,4600.8,4598.9,4607.450000000001,2026-08-23T14:00:00Z,4598.9,SL,-1.0,True,106.1,1061.03,10610.26,-1.06,-10.61,-106.1,105.04,1050.42,10504.16
2026-08-25T12:42:00Z,BUY,4628.4,4621.437142857142,4652.77,2026-08-25T13:02:00Z,4621.437142857142,SL,-1.0,False,105.04,1050.42,10504.16,-1.05,-10.5,-105.04,103.99,1039.91,10399.12
2026-08-27T12:44:00Z,SELL,4580.4,4588.360714285714,4552.5375,2026-08-27T14:44:00Z,4588.360714285714,SL,-1.0,False,103.99,1039.91,10399.12,-1.04,-10.4,-103.99,102.95,1029.51,10295.13
2026-08-29T12:53:00Z,BUY,4457.2,4455.885714285714,4461.799999999999,2026-08-29T14:24:00Z,4455.885714285714,SL,-1.0,False,102.95,1029.51,10295.13,-1.03,-10.3,-102.95,101.92,1019.22,10192.18
2026-08-30T12:43:00Z,SELL,4461.9,4462.785714285714,4458.799999999999,2026-08-30T12:44:00Z,4462.785714285714,SL,-1.0,False,101.92,1019.22,10192.18,-1.02,-10.19,-101.92,100.9,1009.03,10090.26
2026-08-31T12:40:00Z,SELL,4439.6,4445.907142857143,4417.525000000001,2026-08-31T13:15:00Z,4445.907142857143,SL,-1.0,False,100.9,1009.03,10090.26,-1.01,-10.09,-100.9,99.89,998.94,9989.35
2026-09-01T13:00:00Z,SELL,4359.0,4367.472857142857,4329.345,2026-09-01T13:43:00Z,4367.472857142857,SL,-1.0,False,99.89,998.94,9989.35,-1.0,-9.99,-99.89,98.89,988.95,9889.46
2026-09-02T12:49:00Z,BUY,4350.9,4342.807142857142,4379.225,2026-09-02T12:57:00Z,4342.807142857142,SL,-1.0,False,98.89,988.95,9889.46,-0.99,-9.89,-98.89,97.91,979.06,9790.57
2026-09-05T12:43:00Z,BUY,4432.3,4431.671428571429,4434.5,2026-09-05T12:51:00Z,4431.671428571429,SL,-1.0,False,97.91,979.06,9790.57,-0.98,-9.79,-97.91,96.93,969.27,9692.66
2026-09-06T12:42:00Z,SELL,4426.7,4428.185714285714,4421.5,2026-09-06T17:13:00Z,4421.5,TP,3.5,False,96.93,969.27,9692.66,3.39,33.92,339.24,100.32,1003.19,10031.9
2026-09-07T12:41:00Z,BUY,4398.5,4391.928571428572,4421.5,2026-09-07T19:00:00Z,4410.0,FLAT,1.75,False,100.32,1003.19,10031.9,1.76,17.56,175.56,102.07,1020.75,10207.46
2026-09-08T12:42:00Z,SELL,4398.5,4406.557142857143,4370.299999999999,2026-09-08T12:56:00Z,4406.557142857143,SL,-1.0,False,102.07,1020.75,10207.46,-1.02,-10.21,-102.07,101.05,1010.54,10105.39
2026-09-09T12:45:00Z,BUY,4400.6,4394.064285714286,4423.475,2026-09-09T13:23:00Z,4423.475,TP,3.5,False,101.05,1010.54,10105.39,3.54,35.37,353.69,104.59,1045.91,10459.08
2026-09-12T13:31:00Z,BUY,4354.8,4354.25,4356.725,2026-09-12T16:42:00Z,4356.725,TP,3.5,False,104.59,1045.91,10459.08,3.66,36.61,366.07,108.25,1082.51,10825.14
2026-09-13T12:40:00Z,SELL,4350.8,4352.142857142857,4346.1,2026-09-13T14:16:00Z,4352.142857142857,SL,-1.0,False,108.25,1082.51,10825.14,-1.08,-10.83,-108.25,107.17,1071.69,10716.89
2026-09-14T12:53:00Z,SELL,4280.8,4289.653571428572,4249.8125,2026-09-14T13:47:00Z,4289.653571428572,SL,-1.0,True,107.17,1071.69,10716.89,-1.07,-10.72,-107.17,106.1,1060.97,10609.72
2026-09-16T12:42:00Z,BUY,4347.4,4340.919285714285,4370.0824999999995,2026-09-16T13:52:00Z,4340.919285714285,SL,-1.0,False,106.1,1060.97,10609.72,-1.06,-10.61,-106.1,105.04,1050.36,10503.63
2026-09-17T12:44:00Z,SELL,4355.9,4365.219999999999,4323.28,2026-09-17T12:50:00Z,4365.219999999999,SL,-1.0,False,105.04,1050.36,10503.63,-1.05,-10.5,-105.04,103.99,1039.86,10398.59
2026-09-18T13:06:00Z,BUY,4368.8,4361.048571428571,4395.93,2026-09-18T13:23:00Z,4361.048571428571,SL,-1.0,True,103.99,1039.86,10398.59,-1.04,-10.4,-103.99,102.95,1029.46,10294.6
2026-09-19T13:13:00Z,SELL,4365.7,4366.342857142858,4363.449999999999,2026-09-19T14:46:00Z,4366.342857142858,SL,-1.0,False,102.95,1029.46,10294.6,-1.03,-10.29,-102.95,101.92,1019.17,10191.66
2026-09-21T12:42:00Z,BUY,4358.8,4351.798571428571,4383.305,2026-09-21T13:33:00Z,4351.798571428571,SL,-1.0,False,101.92,1019.17,10191.66,-1.02,-10.19,-101.92,100.9,1008.97,10089.74
2026-09-22T12:44:00Z,SELL,4332.1,4341.578571428572,4298.925,2026-09-22T13:09:00Z,4341.578571428572,SL,-1.0,False,100.9,1008.97,10089.74,-1.01,-10.09,-100.9,99.89,998.88,9988.84
2026-09-23T12:40:00Z,SELL,4304.2,4309.6792857142855,4285.0225,2026-09-23T12:59:00Z,4309.6792857142855,SL,-1.0,False,99.89,998.88,9988.84,-1.0,-9.99,-99.89,98.89,988.9,9888.95
2026-09-24T12:41:00Z,BUY,4271.3,4262.395,4302.467500000001,2026-09-24T13:56:00Z,4262.395,SL,-1.0,False,98.89,988.9,9888.95,-0.99,-9.89,-98.89,97.9,979.01,9790.07
2026-09-25T12:43:00Z,SELL,4291.4,4298.469285714285,4266.657499999999,2026-09-25T12:46:00Z,4298.469285714285,SL,-1.0,False,97.9,979.01,9790.07,-0.98,-9.79,-97.9,96.92,969.22,9692.16
